ISIN,Google Finance Symbol,Fund Name,NAV,NAV Date,DAILY,WEEKLY,MONTHLY,QUARTERLY,SIX_MONTHLY,ANNUAL,THREE_YEARS,FIVE_YEARS,SEVEN_YEARS,TEN_YEARS
INF204KB14I2,NSE:NIFTYBEES,Nippon India ETF Nifty 50 BeES,259.833,2026-09-28,-1.5567,-2.708,-5.7432,-4.9844,0.639,-6.5874,6.4623,6.321,11.4218,11.2734
INF109K014O9,MUTF_IN:ICIC_PRU_MULT_1MMQ5ES,ICICI Prudential Multicap Fund,931.41,2026-09-28,-1.7624,-2.616,-5.7754,-2.4855,13.4096,7.3453,14.9462,14.2902,17.4552,14.3739
INF174K01LS2,MUTF_IN:KOTA_FLEX_DIR_FLO6NW,Kotak Flexicap Fund,92.81,2026-09-28,-1.6353,-2.3392,-5.3838,-3.8448,4.5947,-1.5809,10.5582,9.9336,13.4905,12.8663
INF179K01UT0,MUTF_IN:HDFC_FLEX_CAP_WZY4,HDFC Flexi Cap Fund,2181.069,2026-09-28,-1.5128,-3.0504,-5.1599,-1.5357,6.7807,-0.7776,14.8422,15.9967,18.0589,15.4128
INF179K01WM1,MUTF_IN:HDFC_INDE_NIFT_14QA3V4,HDFC Index Fund-NIFTY 50 Plan,222.9691,2026-09-28,-1.559,-2.7132,-5.7648,-5.0522,0.4994,-6.8081,5.8704,6.0818,11.1471,11.024
INF179K01XZ1,MUTF_IN:HDFC_HYBR_EQ_MG0VWR,HDFC Hybrid Equity Fund,120.657,2026-09-28,-1.1397,-2.0927,-3.8061,-2.7689,2.8268,-5.1307,5.8429,7.6675,11.538,9.9637
INF879O01027,MUTF_IN:PARA_PARI_FLEX_17J17OL,Parag Parikh Flexi Cap Fund,88.977,2026-09-28,-1.0905,-1.7181,-2.4126,-0.8201,2.9288,-3.9013,12.312,11.0161,18.8599,16.8911
INF109K016L0,MUTF_IN:ICIC_PRU_BLUE_1M4XFNW,ICICI Prudential Large Cap Fund,113.83,2026-09-28,-1.5056,-2.384,-5.4647,-4.896,1.2542,-5.7936,9.7305,10.1974,14.1953,13.0002
INF109KC1R89,MUTF_IN:ICIC_PRU_NIFT_UOTXOE,ICICI Prudential Nifty Alpha Low - Volatility 30 ETF FOF,14.469,2026-09-28,-1.1545,-2.607,-5.0771,-2.6987,4.7272,-1.4209,9.1105,7.9675,,
INF109K01Y07,MUTF_IN:ICIC_PRU_EQUI_1QZF38U,ICICI Prudential Equity & Debt Fund,440.3,2026-09-28,-1.1872,-1.8108,-3.1691,-2.5799,3.6146,-0.1849,12.5554,13.8516,17.5819,14.8024
INF109K011O5,MUTF_IN:ICIC_PRU_LARG_1E01RTN,ICICI Prudential Large & Mid Cap Fund,1121.29,2026-09-28,-1.718,-2.6413,-6.5996,-1.8891,6.0011,0.1208,14.3723,14.6131,18.5939,14.9327
INF174KA1FQ7,MUTF_IN:KOTA_NASD_100_HO0S7H,Kotak US Specific Equity Passive FOF,29.4435,2026-09-28,-0.9833,-0.0261,2.1446,4.5516,31.5446,33.6991,33.6157,21.646,,
INF843K01AL0,MUTF_IN:EDEL_LARG_MID_W2OIBG,Edelweiss Large & Mid Cap Fund,103.604,2026-09-28,-1.5985,-3.3292,-6.1141,-2.2013,7.9759,3.836,13.1807,12.4337,17.1748,14.9851
INF846K01EW2,MUTF_IN:AXIS_ELSS_TAX_1FUN8PD,Axis ELSS Tax Saver Fund,106.383,2026-09-28,-1.6361,-3.4184,-5.5464,-1.8388,7.8127,-0.7806,9.5207,5.0117,11.0841,11.7956
INF109K013N3,MUTF_IN:ICIC_PRU_SHOR_1II1866,ICICI Prudential Short Term Fund,70.6876,2026-09-28,-0.0744,-0.2182,0.0044,0.8413,3.3611,5.8385,7.656,7.0819,7.6171,7.7189
INF109K016E5,MUTF_IN:ICIC_PRU_ALL_2XLBMC,ICICI Prudential All Seasons Bond Fund,42.4136,2026-09-28,-0.3016,-0.4838,-0.6349,0.1611,3.4587,4.8299,7.4405,6.9167,7.8044,7.8521
INF754K01QX0,NSE:EBBETF0433,BHARAT Bond ETF - April 2033,1299.2868,2026-09-28,-0.141,-0.4592,-0.529,-0.4074,2.8304,3.6095,7.1606,,,
INF754K01PF9,MUTF_IN:EDEL_CRIS_IBX_ZZG74A,Edelweiss CRISIL IBX 50:50 Gilt Plus SDL April 2037 Index Fund,13.3101,2026-09-28,-0.381,-0.7005,-1.4964,-0.8485,2.335,3.1655,6.6842,,,
INF879O01266,MUTF_IN:PARA_PARI_DYN_1C8NIGM,Parag Parikh Dynamic Asset Allocation Fund,11.7948,2026-09-28,-0.214,-0.3186,-0.2368,0.028,2.6126,3.4313,,,,
INF109KC17V7,NSE:ALPL30IETF,ICICI Prudential Nifty Alpha Low- Volatility 30 ETF,26.593,2026-09-28,-1.2349,-2.1129,-5.2807,-2.6261,4.8612,-0.8447,9.7036,8.2461,,
INF200K01RP8,MUTF_IN:SBI_GOLD_DIR_1HYVO74,SBI GOLD FUND,44.731,2026-09-28,-2.6974,-3.5263,-7.4641,5.5385,2.8013,28.4685,34.4424,24.895,20.531,15.7841
INF277KA1976,NSE:TATAGOLD,Tata Gold Exchange Traded Fund,14.2566,2026-09-28,-2.5696,-3.3484,-7.0759,5.1535,3.2623,29.0363,,,,
INF204KB17I5,NSE:GOLDBEES,Nippon India ETF Gold BeES,121.2239,2026-09-28,-2.5949,-3.384,-7.1682,5.0842,3.0582,28.8817,34.9535,24.9205,19.8668,
INF109KC1U50,MUTF_IN:ICIC_PRU_NASD_1K1H35W,ICICI Pru NASDAQ 100 Index Fund,25.2619,2026-09-28,-1.0067,-0.5065,3.2666,4.3333,32.5785,33.2491,33.7161,,,
