Factor/Quarter,2010 Q1,2010 Q2,2010 Q3,2010 Q4,2011 Q1,2011 Q2,2011 Q3,2011 Q4,2012 Q1,2012 Q2,2012 Q3,2012 Q4,2013 Q1,2013 Q2,2013 Q3,2013 Q4,2014 Q1,2014 Q2,2014 Q3,2014 Q4,2015 Q1,2015 Q2,2015 Q3,2015 Q4,2016 Q1,2016 Q2,2016 Q3,2016 Q4,2017 Q1,2017 Q2,2017 Q3,2017 Q4,2018 Q1,2018 Q2,2018 Q3,2018 Q4,2019 Q1,2019 Q2,2019 Q3,2019 Q4,2020 Q1,2020 Q2,2020 Q3,2020 Q4,2021 Q1,2021 Q2,2021 Q3,2021 Q4,2022 Q1,2022 Q2,2022 Q3,2022 Q4,2023 Q1,2023 Q2,2023 Q3,2023 Q4,2024 Q1,2024 Q2,2024 Q3,2024 Q4,2025 Q1,Cumulative Return,CAGR,Volatility,Negative Returns,Median 5 year Rolling Return,Average 5 year Rolling Return,Lowest 5 year Rolling Return,Highest 5 year Rolling Return,Recent 5 year Rolling Return
NIFTY Alpha Low-Volatility 30,2.85,9.49,11.09,4.37,-4.68,2.91,-7.07,-3.63,13.15,3.07,9.32,5.82,-1.6,6.78,2.5,8.06,6.06,11.65,16.23,8.01,11.23,1.04,2.75,-0.96,-2.97,10.12,9.39,-6.65,15.2,3.69,9.45,10.66,-4.89,6.58,0.23,2.28,1.34,0.86,1.25,1.71,-19.02,13.18,10.12,14.59,3.07,11.57,12.85,0.88,-4.96,-11.06,14.14,0.45,-1.12,13.84,4.95,17.67,12.65,7.07,11.38,-12.29,-4.48,12.14,17.78,15.14,14,19.13,18.53,9.15,25,19.17,
NIFTY Alpha Quality Low-Volatility 30,4.92,7.46,9.6,4.56,-5.96,5.09,-6.56,-3,13.97,3.95,7.43,6.66,-2.83,6.59,3.95,6.89,4.6,10.97,15.72,6.48,9.32,0.25,2.8,-1.2,-4.93,9.49,10.15,-7.41,13.6,3.42,4.14,10.88,-3.83,5.56,1.19,1.22,1.7,-3.24,4.05,1.52,-16.44,13.91,11.59,17.96,1.99,9.07,12.5,1.23,-4.26,-9.71,9.55,0.74,-1.06,14.45,4.2,18.12,10.06,11.46,10.54,-11.72,-4.04,10.86,16.93,14.63,15,18.36,17.15,8.2,23.36,20.37,
NIFTY Alpha Quality Value Low-Volatility 30,7.81,7.21,11.3,3.25,-4.9,2.16,-5.26,-5.06,13.42,1.75,7.13,5.94,-2.52,4.91,4.1,7.05,4.13,14.12,11.89,2.97,7.68,-0.91,4.82,-0.9,-4.43,7.35,5.87,-2.33,13.5,-0.18,7.12,10.45,-2.37,2.65,0.58,1.85,2.93,-1.65,2.44,0.34,-16.57,15.44,10.62,17.87,2.42,10.79,12.24,-1.19,-2.71,-5.71,11.46,3.27,-0.07,16.26,7.73,20.4,8.37,13.14,10.44,-10.07,-2.99,11.86,17.61,14.19,18,17.1,16.95,8.03,27.57,25.08,
NIFTY LargeMidcap 250,1.24,4.24,12.58,-1.35,-7.5,-1.03,-11.57,-11.07,20.38,-1.33,8.78,7.68,-7.89,0.61,-2.39,14.29,6.46,23.98,4.23,7.86,3.9,-0.72,-1.67,2.65,-4.48,9.13,8.25,-6.06,17.01,4.59,4.25,12.92,-6.91,1.35,-1.3,1.85,4.5,-0.6,-4.08,6.44,-28.53,22.73,12.25,22.77,9.92,10.82,12.08,0.37,-1.42,-9.46,13.17,3.44,-5.06,14.92,8.05,12.53,4.47,13.5,7.58,-6.96,-5.06,7.45,14.08,18.89,22,16.57,15.56,5.75,25.85,22.2,
NIFTY MICROCAP250,1.3,6.77,12.77,-7.18,-14.42,-2.77,-12.5,-18.6,21.08,0.46,11.9,5.79,-19.33,-2.39,-3.08,24.24,10.01,50.91,15.51,7.25,3.79,-0.55,4.38,16.89,-16.08,17.04,8.91,-2.97,18.9,9.07,9.65,23.5,-12.88,-7.35,-9.66,-0.04,-2.19,-9.66,-11.75,-1.95,-37.84,45.29,18.88,28.87,14.69,40.72,7.94,2.14,-2.38,-8.04,16.23,5.09,-8.56,28.47,23.59,15.26,1.69,21.57,11.9,-2.58,-9.23,13.32,18.5,32.01,25,18.11,20.94,0.69,47.34,43.51,
NIFTY Midcap 100,3.73,5.96,13.27,-3.28,-9.09,-0.45,-10.36,-13.76,26.49,-4.25,7.5,8.64,-12.82,-0.33,-3.98,15.4,7.14,29.01,3.62,10.23,3.5,0.23,0.42,3.29,-4.37,8.41,12.09,-6.8,20.49,3.28,2.64,16.88,-11.01,-2.97,-5.19,4.32,2.26,-3.15,-8.66,6.8,-31.26,25.72,15.86,22.87,13.94,14.03,13.09,0.39,-2.17,-10.72,16.45,2.79,-4.55,19.22,13.68,14.06,4.26,16.07,8.14,-4.85,-6.88,8.44,15.01,22.51,22,15.55,15.87,3.11,32.05,28.37,
NIFTY Midcap150 Quality 50,7.6,12.4,14.99,-2.18,-4.85,3.26,-10.98,-10.05,21.06,-2.89,7.76,6,-8.26,3.85,0.12,15.05,8.45,28.05,10.34,10.07,4.96,0.88,-2.95,2.65,-4.46,10.44,9.81,-4.72,17.27,4.96,3.32,21.63,-5.63,-2.66,-1.53,1.78,2.23,-4.11,1.45,4.73,-22.08,21.69,15.35,16.33,9.11,13.39,9.95,1.52,-6.07,-9.86,11.75,-3.81,-4.63,14.21,8.69,8.73,-0.86,20.79,6.38,-5.65,-5.18,10.78,16.87,19.21,21,18.68,18.16,7.71,27.17,19.86,
NIFTY Quality Low-Volatility 30,6.34,10.14,8.06,4.27,-5.54,5.96,-6.58,-2.09,14.87,2.48,6.49,7.29,-2.7,7.87,3.4,6.29,6.89,13.55,15.03,4.56,7.45,-0.79,3.8,-1.61,-3.02,6.22,3.23,-6.57,11.24,2.55,1.89,9.49,-2.11,6.28,-0.61,2.82,-0.03,-2.63,3.96,1.94,-17.33,13.38,11.62,18.44,1.78,9.14,11.68,-0.88,-3.77,-6.14,9.6,1.31,-2.56,12.25,4.08,12.66,3.72,6.53,13.17,-12.81,-0.73,8.76,15.3,13.75,19,16.34,15.26,5.42,21.87,16.4,
NIFTY Smallcap 100,4.03,2.34,17.1,-4.58,-12.47,2.45,-8.98,-18,25.08,-0.83,3.81,7.59,-15.42,-7.06,-4.89,24.45,8.85,46.16,-7.81,6.78,6.75,-5.1,-1.17,8.08,-13.33,19.17,6.05,-5.79,21.05,5.78,4.36,19.91,-14.2,-7.81,-13.68,4.92,3.58,-6.95,-9.16,4.46,-38.06,28.42,26.61,21.89,14.76,20.11,12.34,3.78,-7.29,-18.92,12.42,3.17,-7.42,20.57,18.02,18.91,0.98,20.08,5.11,-2.03,-9.65,5.73,12.13,28.82,24,12.07,12.7,-2.21,31.34,27.46,
NIFTY100 Alpha 30,1.49,-0.45,13.77,6.44,-3.37,-1.17,-6.67,-2.81,11.62,1.1,12.18,6.16,-3.31,3.98,2.11,6.77,1.21,9.71,9.71,8.77,12.66,3.01,-0.37,0.15,-5.69,7.64,10.28,-5.81,21.23,3.45,11.14,8.64,-7.8,7.73,2.31,-0.91,3.88,2.01,0.6,3.55,-17.11,16.95,9.12,16.9,2.79,15.63,13.64,4.47,1.65,-18.45,19.28,-0.07,-18.26,16.78,5.62,18.57,17.8,14.24,6.66,-12.36,-8.68,10.06,16.35,18.07,17,18.93,18.11,10.41,24.26,20.99,
NIFTY200 Quality 30,5.11,6.23,8.86,5.6,-6.61,5.41,-7.94,-0.75,16.11,1.78,6.63,4.26,-2.08,5.22,6.92,8.54,6.59,14.62,13.46,1.33,5.79,-3.41,1.36,-1.16,-2.21,6.89,3.29,-6.43,9.94,2.44,3.46,11.8,-0.71,6.94,1.43,1.07,2.43,-1.59,3.18,1.51,-17.87,15.34,12.67,18.35,1.91,8.67,12.9,0.92,-4.86,-8.24,10.12,-0.56,-1.13,12.12,5.11,13,1.12,11.8,13.19,-10.58,-2.84,8.8,15.32,14.18,17,16.15,15.45,6.78,21.32,18.08,
NIFTY50 Equal Weight,1.15,0.93,13.36,0.78,-6.31,-3.14,-11.55,-7.09,19.9,-1.3,7.18,3.91,-7.86,0.95,-1.04,12.64,7.05,17.86,3,3.69,2.01,-1.91,-6.35,1.21,-2.64,8.81,5.82,-4.72,12.31,1.71,5.02,6.57,-6.11,2.73,0.03,-1.12,6.2,-1.03,-6.1,5.69,-30.36,23.81,8.9,27.17,10.06,10.8,12.24,-1.36,0.77,-8.7,12.2,4.72,-4.75,14.73,5.45,13.72,5.41,7.86,10.6,-11.85,-1.47,5.15,11.34,18.44,21,12.03,11.94,1.46,24.92,20.41,
NIFTY500 Value 50,2.58,7.03,17.65,1.37,-11.81,0.59,-12.55,-19.72,31.34,-4.91,-1.46,7.35,-20.04,-5.23,-7.73,23.03,13.26,58.65,-11.68,12.72,-3.02,-5.49,-2.58,3.96,-4.86,13.27,16.22,-0.14,22.88,0.8,6.61,11.33,-15.85,-9.1,-6.03,2.71,5.65,-4.69,-19.24,6.13,-36.83,26.82,3.07,31.38,21.59,18.2,11.29,-2.24,8.63,-12.05,10.19,16.99,-2.3,13.25,18.28,24.24,12.19,16.23,5.96,-12.98,-3.42,7.11,13.73,30.6,25,10.41,13.37,-2.52,38.2,32.5,
Nifty 100,1.45,2.38,13.53,1.15,-5.25,-2.22,-12.13,-7.8,16.38,-0.12,8.69,4.88,-4.45,3.41,-1.54,10.89,6.23,15.26,4.94,4.97,2.99,-0.52,-4.02,0.42,-2.89,7.99,5.51,-5.09,13.38,4.36,3.57,8.43,-4.25,5.33,1.65,0.04,6.39,1.13,-1.79,5.84,-28.59,20.27,8.95,24.05,5.31,8.22,12.12,-1.05,0.47,-9.32,9.87,4.84,-5.78,11.6,2.81,12.15,4.75,9.61,7.82,-8.76,-3.34,5.56,11.91,16.47,19,13.79,13.08,5.01,20.14,16.1,
Nifty 200,-0.65,2.59,13.12,0.28,-5.89,-1.94,-12.18,-8.78,17.29,-0.46,8.63,5.37,-5.58,2.74,-2.03,11.42,6.39,16.93,4.43,5.7,3.16,-0.79,-3.79,0.8,-3.25,8.07,6.15,-5.32,14.16,4.32,3.63,9.57,-5.08,4.26,0.83,0.53,5.9,0.64,-2.54,5.94,-28.87,20.83,9.7,23.91,6.31,8.93,12.25,-0.86,0.12,-9.51,10.74,4.57,-5.62,12.6,4.33,12.44,4.68,10.58,7.88,-8.11,-3.96,5.61,11.97,17.07,20,14.17,13.3,4.72,21.59,17.71,
Nifty 50,1,1.77,13.83,1.9,-4.81,-2.65,-12.17,-6.38,14.71,0.36,8.42,3.69,-3.64,3.39,-1.43,10.06,6.52,14.03,5.11,4.1,2.73,-1.04,-4.69,0.09,-2.37,7.71,4.29,-4.81,12.38,4.24,3.25,7.71,-3.59,6.41,2.44,-0.43,7.29,1.78,-2.2,6.25,-29.11,20,9.57,24.61,5.31,7.51,12.37,-1.29,0.84,-9.11,8.73,6.06,-4.03,11.06,2.67,10.85,2.92,8.13,7.81,-8.25,-2.25,5.32,11.59,16.06,19,13.15,12.72,4.56,19.95,15.54,
Nifty 500,-0.23,2.83,11.86,0.44,-6.22,-1.81,-11.69,-9.49,17.54,-0.7,8.45,5.44,-6.3,2.11,-2.2,12.03,6.53,18.56,4.38,5.66,3.2,-0.86,-3.28,1.29,-3.78,8.65,6.36,-5.45,14.9,4.6,3.67,10.48,-5.79,3.15,-0.05,0.76,5.63,0.24,-2.79,5.87,-28.87,21.28,10.61,23.56,7.13,9.8,12.05,-0.17,-0.44,-9.71,11.19,4.3,-5.66,13.25,5.57,12.53,4.42,11.79,7.76,-7.59,-4.67,5.82,12.24,17.43,22,14.52,13.59,4.7,22.75,19,
Nifty Alpha 50,1.62,-0.71,15.95,0.93,-7.33,5.69,-3.68,-15.94,24.09,0.53,11.24,9.87,-6.54,-2.42,1.6,11.76,6.86,23.2,15.14,11.69,9.24,-0.62,2.26,3.9,-8.8,0.77,9.51,-9.68,27.48,6.54,7.17,16.62,-11.87,2.81,-3.15,-1.48,0.05,1.7,0.49,5.46,-22.82,36.13,23.9,17.31,14.26,19.94,16.89,9.47,2.71,-25.89,13.27,0.36,-12.27,20.49,17.02,16.11,11.76,19.45,7.51,-6.73,-12.2,16.24,20.06,24.14,17,21.91,22.47,7.94,37.61,34.82,
Nifty Auto,2.83,9.43,14.52,6.66,-8.16,-4.14,-2.31,-4.45,24.11,-5.69,11.73,10.58,-12.52,7.49,4.28,12.9,9.83,16.77,17.64,4.84,4.14,-2.66,-7.04,6.4,-1.65,9.62,13.61,-8.83,8.27,6.8,3.18,11.12,-9.77,-1.02,-9.75,-3.65,-9.58,-4.89,-4.3,10.12,-42.06,42.02,18.18,16.26,7.52,7.49,0.89,3.22,-3.31,11.27,9.12,-0.68,-2.86,23.73,7.58,15.04,15.11,17.88,7.77,-15.49,-2.9,8.46,15.03,23.83,23,15.87,13.28,-4.55,31.83,23.87,
Nifty Bank,4.93,0.88,30.79,-4.65,-0.73,-3.07,-15.72,-15.84,28.18,2.43,10.84,8.88,-8.92,3.27,-17.09,18.38,12.14,20.49,1.02,21.73,-2.83,1.04,-5.65,-1.71,-4.61,12.05,7.67,-5.75,17.97,8.78,3.78,6.18,-5,8.94,-4.58,8.12,12.03,2.47,-6.25,10.51,-40.47,11.63,0.38,45.74,6.52,4.66,7.76,-5.19,2.51,-7.59,15.86,11.27,-5.53,10.85,-0.12,8.32,-2.42,11.78,1.47,-4,-4.9,6.01,12.48,24.97,23,13.98,13.52,3.47,21.02,10.24,
Nifty CPSE,-0.49,15.87,6.4,-4.52,-5.15,-3.44,-7.51,-8.66,12.1,-1.08,4.08,-0.45,-1.06,-0.56,-7.55,6.57,11.98,34.17,-7.09,2.51,-3.68,3.37,-16.7,3.12,-8.9,6.63,14.34,5.74,11.8,-8.16,8.62,7.06,-7.07,-8.17,3.25,-8.02,12.08,4.19,-16.2,-1.4,-31,9.5,-7.05,23.76,11.2,15.72,17.03,-2.63,13.21,-1.57,5.7,9.17,4.44,11.69,20.91,25.05,19.87,18.19,7.37,-15.75,-2.34,4.9,10.99,22.86,27,6.76,8.23,-6.24,34.44,29.94,
Nifty Commodities,-4.13,-1.24,9.11,-0.07,-6.85,-7.15,-14.49,-9.96,17.25,-2.78,4.7,1.28,-12.96,-1.81,-1.18,10.5,5.31,26.3,-7.08,-4.07,-1.18,1.26,-14.14,7.73,1.42,11.23,12.58,0.3,15.89,-0.94,10.43,9.1,-8.46,-4.6,5.89,-6.56,6.77,0.47,-8.17,3.62,-32.49,24.65,9.58,22.17,18.55,15.14,11.52,-1.6,8.18,-15.85,11.69,6.87,-6.54,8.7,8.02,19.04,8.23,11.25,6.48,-17.24,-1.15,3.32,8.19,21.91,26,10.68,10.42,-3.72,26.17,20.51,
Nifty Consumer Durables,13.55,5.83,29.24,0.52,-2.55,9.24,-2.18,-15.27,25.62,-0.56,12.14,7.73,-8.57,-8.62,-6.38,8.45,12.18,34.08,10.19,0.15,6.65,1.67,-0.73,10.83,-2.98,7.28,6.11,-12.37,33.08,3.6,9.83,26.4,-4.74,-7.28,-3.93,9.91,14.7,6.54,0.04,-2.73,-22.94,7.62,18.65,27.27,7.3,7.56,18.06,7.63,-6.85,-15.82,19.58,-6.94,-4.93,12.98,7.05,7.57,3.91,18.83,14.08,-4.3,-8.99,17.45,20.62,23.95,21,20.93,20.81,12.15,29.21,21.73,
Nifty Core Housing,0.01,-2.01,19.42,-8.14,-5.49,-6.78,0.08,-5.85,21.06,-1.07,16.17,5.99,-8.99,-0.51,-10.16,7.99,11.94,22.57,-1.83,6.8,9.58,-3.35,0.59,3.76,-1.13,13.97,13.15,-15.4,24.18,6.35,3.95,5.83,-5.09,-1.68,-4.96,3.17,4.71,1.13,-4.42,5.08,-25.96,16.11,8.87,32.58,13.74,5.04,13.34,-2.34,-9.04,-12.79,16.79,1.64,-5.12,14.4,6.21,15.69,0.84,18.56,4.85,-8.18,-7.99,6.12,12.61,21.46,24,14.96,14.32,5.32,22.04,18.86,
Nifty Energy,-4.31,8.28,1.61,-0.5,-2.91,-8.84,-9.91,-9.92,9.01,0.22,7.37,-1.51,-4.37,6.28,-5.6,6.24,5.13,20.03,-6.52,-6.66,-3.61,7.98,-13.68,12.52,-1.18,3.44,12.78,5.48,15.03,-0.4,10.91,11.71,-6.27,1.28,18.26,-8.47,16.06,-2.44,-2.49,2.62,-29,29.42,5.5,12.99,9.03,9.17,16.08,0.15,15.3,-2.72,2.7,1.13,-11.81,8.3,11.2,22.95,17.18,7.1,5.87,-19.84,-5.47,4.6,10.52,20.89,24,14.48,13.51,-1.88,25.39,19.68,
Nifty FMCG,0.93,16.9,14.32,-1.47,-2.27,13.99,-3.87,2.89,11.89,12.32,11.28,7.77,1.01,9.66,5.86,-3.34,6.24,-2.71,14.12,1.37,-1.22,2.25,-0.93,1.32,-2.09,10.92,-0.22,-3.46,13.47,14.87,-8.4,9.88,-2.65,12.05,2.86,2.76,-0.59,-1.68,5.59,-3.02,-9.24,10.42,-0.43,14.96,2.93,4.49,12.04,-6.75,-2.76,4.98,17.94,-0.26,4.53,14.18,-1.1,10.79,-4.82,6.14,15.66,-13.08,-1.29,9.75,16.1,14.75,24,14.04,14.63,8.9,23.05,15.5,
Nifty Financial Services,2.82,5.55,27.61,-5.21,-2.34,-2.56,-14.23,-12.14,23.13,1.93,13.6,8.08,-7.47,4.22,-15.02,14.58,11.4,19.16,1.58,18.01,1.23,-0.13,-5.7,0.2,-6.67,11.96,9.06,-6.86,18.08,9.1,5.03,5.44,-2.46,8.04,-3.61,9.57,8.34,8.28,-3.68,11.85,-35.97,13.36,0.79,43.18,3.36,5.01,11.44,-5.29,-1,-9.19,13.34,8.43,-4.84,11.84,-1.03,8.52,-2.26,12.3,4.79,-3.91,-4.25,7.07,13.69,22.88,23,15.82,15.06,7.13,20.88,10.86,
Nifty Financial Services 25/50,1.47,6.56,24.63,-6.7,-3.63,-3.74,-13.03,-12.48,27.11,0.32,14.72,8.95,-9.69,3.27,-14.52,17.4,10.14,24.57,-1.02,19.32,-1.06,-1.4,-3.16,0.62,-6.09,13.38,12.19,-7.86,21.68,6.74,6.7,6.36,-3.4,5.76,-6.56,9.13,7.85,6.34,-4.77,11.87,-36.72,16.11,1.23,39.88,5.43,7.05,11.17,-5.75,-2.13,-9.29,12.34,7.36,-5.47,17.19,2.29,9.97,0.81,11.69,7.7,-7.31,-3.44,7.5,14.13,23.85,23,15.92,15.42,7.1,22.32,13.03,
Nifty Financial Services Ex-Bank,-0.29,11.77,18.95,-6.29,-7.12,-5.99,-10.88,-10.51,26.81,-0.75,13.15,12.57,-10.87,0.96,-12.06,15.56,8.16,28.4,2.43,13.86,6.29,-0.85,0.86,2.45,-7.15,15.92,19.01,-12.76,28.4,6.49,10.22,2.04,-1.89,2.82,-11.25,8.6,5.58,5.39,-4.89,12.56,-39.12,20.86,4.11,36.59,3.54,9.27,14.62,-6.48,-5.12,-14.61,15.91,2.47,-7.19,22.75,7.54,8.44,3.31,7.63,13.82,-9.74,-1.97,8.09,14.69,25.44,22,16.41,16.35,5.48,25.61,13.13,
Nifty Growth Sectors 15,3.11,7,12.8,9.07,-5.04,3.41,-5.71,4.54,7.48,4.47,8.96,3.89,5.86,6.36,12.94,5,3.11,7.13,17.17,0.26,6.88,-0.48,6.01,-3.12,-0.63,5.57,1.17,-4.12,7.18,8.72,0.66,9.24,-5.36,9.59,-3.07,-0.77,-5.06,-2.72,3.4,4.59,-29.35,15.34,0.95,34.79,1.48,7.11,5.23,-3.52,-1.96,4.25,14.61,-2.34,-0.1,12.21,3,9.71,1.85,2.29,15.84,-7.24,-0.43,8.12,14.72,16.31,18,13.36,13.38,0.37,23.7,14.69,
Nifty Healthcare,7.92,7.02,5.25,12.38,-9.35,6.02,-7.55,-0.63,11.09,2.42,9.43,7.55,-2.64,10.63,7.24,5.53,1.41,13.87,24.64,2.52,17.1,-3.39,6.3,-6.09,-8.84,1.98,3.66,-9.95,2.64,-7.46,-5.29,9.01,-11.58,8.17,8.61,-8.76,2.82,-12.08,-3.29,7.6,-8.62,32.57,19.9,8.7,-3.13,20.08,2.45,-0.08,-5.33,-11.27,9.8,-2.55,-4.47,17.28,9.24,9.48,13.58,4.3,17.72,1.36,-6.42,7.46,14.08,19.07,22,11.14,12.31,-4.91,26.9,26.2,
Nifty High Beta 50,-5.03,-2.92,10.13,-4.95,-14.07,-6.97,-23.05,-23.26,41.49,-7.7,4.92,6.58,-24.69,-6.85,-10.46,29.05,5.38,48.7,-19.75,12.73,-6.32,-10.59,-6.72,6.71,-12.21,11.1,8.75,-7.35,24.34,4.08,2.28,21.6,-16.66,-7.69,-14.76,10.3,2.34,-13.42,-17.32,12.27,-46.13,36.72,8.02,38.29,15.7,12.18,8.29,-2.6,2.88,-19.34,21.24,11.25,-9.74,21.09,17.41,16.84,7.2,15.08,-0.6,-14.27,-5.15,1.51,2.75,35.01,29,4.73,4.43,-10.91,29.39,21.59,
Nifty Housing,-0.52,-2.48,16.44,-5.04,-7.47,-4.13,-14.7,-13.23,24.74,-1.26,9.25,4.41,-13.45,-2.71,-7.09,15.37,8.23,24.45,-8.46,5.52,2.73,-3.65,-6.57,5.24,-0.76,14.31,7.6,-8.35,18.39,4.93,5.64,10.05,-6.93,0.47,0.51,1.71,5.19,2.3,-4.84,4.99,-29.62,16.52,5.82,37,11.06,9.82,11.26,-0.67,-0.75,-11.4,17.82,5.54,-9.95,11.52,8.05,15.27,2.58,12.22,4.44,-9.85,-5.81,4.2,9.87,22.1,25,12.83,12.26,0.71,22.97,18.89,
Nifty IT,0.68,1.96,11.63,14.17,-4.48,-6.76,-14.2,8.58,6.31,-4.71,2.85,-4.18,20,-7.38,23.28,16.91,-2.16,7.4,14.82,-0.42,7.89,-8.11,9.55,-6.5,1.13,-1,-6.88,1.53,3.21,-4.21,3.53,11.9,7.4,12.78,13.76,-8.48,8.52,2.63,-2.01,1.7,-18.02,16.15,35.71,22.34,6.73,13.45,20.77,11.03,-6.02,-22.76,-2.52,6.75,0.45,3.72,7.78,12.47,-1.45,4.58,16.19,3.9,0.98,9.89,16.21,20.67,20,16.27,17.36,6.64,31.1,24.96,
Nifty India Consumption,1.56,8.3,10.97,0.8,-8.67,7.03,-3.31,-4.19,11.85,1.92,9.62,11.45,-6.86,9.01,3.84,5.08,3.51,10.67,11.43,3.04,2.14,4.03,-1.99,4.65,-5.31,10.07,4.28,-9.21,13.82,9.16,1.43,16.4,-6.99,6.52,-4.24,4.28,-2.55,-1.7,4.82,0.14,-17.5,17.78,4.8,18.35,1.16,6.74,14.02,-1.87,-2.84,-1.39,17.91,-3.93,-5,16.47,1.99,13.39,5.92,10.33,15.57,-11.32,-4.28,8.23,14.82,15.84,19,15.36,14.75,7.1,21.72,19.35,
Nifty India Corporate Group Index - Aditya Birla Group,13.68,-16.75,27.02,8.07,-4.54,-7.37,4.78,-6.91,18.81,-8.1,19.33,6.5,-7.73,7.96,6.95,0.68,3.2,13.12,8.32,-1.74,5.68,-1.16,-8.97,3.13,-0.64,11.51,5.43,-9.91,21.17,0.97,2.65,12.13,-15.15,-4.59,-1.43,-5.92,-2.7,0.08,-13.04,1.38,-35.33,36.16,7.24,28.53,30.96,3.96,14.35,2.78,-4.04,-22.98,18.47,8.91,-4.14,9.68,8.78,20.33,-4.97,23.91,-1.54,-11.69,-0.5,5.04,11.19,25.96,25,9.86,9.93,-5.69,26.02,21.15,
Nifty India Corporate Group Index - Mahindra Group,-1.11,8.35,10.87,7.22,-8.17,-1.55,8.21,-12.76,6.9,-0.16,26.51,7.84,-5.87,13.37,-2.94,22.61,-1.95,19.18,15.61,-1.5,-5.37,-4.34,4.62,-0.86,-6.93,14.88,-3.17,-8.17,5.23,1.2,3.89,14.59,4.62,11.95,0.21,-2.32,-6.77,-5.61,-8.72,1.32,-38.39,28.44,28.79,23.78,7.04,2.92,17.41,13.77,-9.91,-2.92,11.89,2.19,-1.39,20.11,6.75,6.32,5.39,33.42,8.65,-1.43,-4.25,10.16,16.42,23.79,25,14.37,14.15,-2.76,34.56,30.31,
Nifty India Corporate Group Index - Tata Group,1.96,-3.41,24.8,14.1,-2.43,-3.02,-15.67,2.93,15.39,2.47,4.39,2.84,5.35,-3.81,19.84,15.53,0.04,17.35,10.86,-4.77,0.94,-4.66,-6.21,2.64,1.36,6.98,1.97,-5.14,7,-0.83,3.52,14.1,-2.47,14.88,10.13,-9.95,5.73,10.08,-6.86,6.38,-20.28,15.23,21.02,20.59,13.52,11.22,13.56,4.61,1.81,-14.32,1.89,3.67,-0.96,11.98,8.21,12.65,8.13,3.32,9.73,-9.09,-1.82,10.87,16.94,18.54,18,18.31,17.4,6.49,27.04,22.79,
Nifty India Corporate Group Index - Tata Group 25% Cap,1.08,-4.89,25.34,10.79,-4.12,-5.25,-19.29,-2.03,27.15,-1.6,5.54,6.16,-7.31,-4.62,11.66,20.57,1.64,21.04,4.92,-3.25,-0.44,-7.32,-15.19,12.91,0.52,10.71,8.63,-7.09,10.65,0.05,3.62,16.02,-8.92,1.98,0.18,-6,4.69,7.13,-9.12,9.47,-29.43,17.02,23.38,29.69,18.49,16.17,14.04,6.34,2.8,-17.09,9.87,0.33,-1.6,17.65,7.7,16.76,11.68,5.35,10.05,-11.07,-4.25,8.57,15.12,23.39,21,14.67,15.47,1.25,33.07,28.28,
Nifty India New Age Consumption,-1.97,4.33,15.53,-6.31,-11.36,-0.82,-6.33,-12.68,20.33,-4.08,10.3,12.62,-13.63,2.33,-2.29,12.86,4.73,26.16,2.39,4.15,1.56,0.69,-3.45,9.72,-9.49,12.01,5.34,-10.23,22.39,5.56,4.04,21.46,-11.49,-2.54,-11.19,1.54,2.6,-2.89,-4.62,5.17,-35.29,25.18,12.83,23.44,4.31,8.09,17.38,2.68,-4.87,-8.6,14.55,-3.96,-6.98,21.11,8.29,15.67,11.73,15.88,12.08,-5.5,-8.65,5.35,11.63,23.28,24,10.69,11.84,0.03,27.01,23.19,
Nifty India Select 5 Corporate Groups (MAATR),7.7,-2.04,15.84,7.15,-4.32,-4.25,-7.44,-14.43,12.82,-4.9,13.96,7.28,-7.59,6.19,0.81,16.69,6.55,17.7,7.19,-1.22,0.2,-6.26,-6.29,4.21,-0.8,5.63,5.96,-4.58,15.48,3.04,5.55,16.31,-7.09,5.17,4.48,-2.26,1.92,1.29,-4.9,6,-31.92,35.94,23.27,24.34,22.47,7.95,15.59,5.76,5.9,-9.09,14.14,3.14,-15.08,12.37,7.12,17.04,7.84,13.97,2.78,-12.46,-3.08,9.38,15.81,22.03,20,16.78,17.59,4.2,33.78,28.01,
Nifty India Tourism,-4.5,1.61,14.08,-9.14,-17.06,5.26,-8.02,-22.47,29.95,-6.26,5.95,-5.56,-10.32,-8.8,4.02,24.22,1.84,34.18,-9.12,10.71,-0.15,-7.15,-5.71,17.2,-17.63,10.42,2.79,-14.7,30.95,5.48,0.94,20.66,0.59,-2.31,-9.64,14.88,10.22,-9.89,2.5,-2.09,-34.04,7.47,21.3,26.68,-0.73,13.86,32.64,0.61,-1.86,-14.5,26.13,-3.85,-7.24,20.37,5.49,12.83,10.5,10.82,5.91,1.75,-8.51,4.16,9.79,28.28,26,11.24,11.61,-1.01,26.48,24,
Nifty Infrastructure,-4.62,-0.72,9.9,-7.03,-10.78,1.33,-16.43,-17.92,18.45,-3.71,5.41,2.35,-14.22,2.1,-4.32,16.01,6.03,28.99,-9.78,0.63,7.62,0.17,-12.56,-1.96,-7.72,11.68,-0.94,-2.9,14.78,3.41,2.29,12.07,-8.07,-6.1,-3.86,7.24,1.68,5.24,-3.82,1.53,-26.91,28.53,2.29,18.99,12.55,6.27,16.39,-1.04,1.87,-7.9,8.14,5.94,-3.04,12.75,9.37,17.16,14.36,9.72,5.18,-11.5,-2.6,2.79,6.95,21.41,25,7.84,8.55,-4.01,26.55,22.6,
Nifty Low Volatility 50,4.48,8.8,12.49,0.93,-4.83,1.91,-8.5,-7.75,14.72,1.1,6.86,8.38,-5.53,6.96,-0.93,4.82,4.91,16.21,10.8,7.32,6.35,1.46,-0.21,2.28,-3.11,10.84,4.88,-6.67,12.9,3.25,3.74,9.36,-5.08,2.62,1.27,2.36,2.34,0.53,0.06,3.56,-17.16,18.14,10.41,16.38,4.98,11.34,9.09,-2.35,-4.35,-4.67,9.27,2.01,-2.54,13.49,4.78,13.76,5.41,8.27,11.6,-10.3,-0.49,8.48,15.05,14.28,16,15.88,15.53,8,22.02,19.1,
Nifty MNC,2.2,0.26,8.9,0.93,-7.31,6.38,-8.16,-2.59,16.75,-0.46,9.48,2.31,-11.98,10.95,2.3,9.12,3.54,18.43,11.98,4.84,11.01,1.4,-3.63,0.02,-6.13,7.02,7.99,-5.63,13.63,11.24,9.04,12.95,-6.1,3.98,-5.33,3.8,-3.99,-2.14,4.05,2.51,-19.51,20.06,6.57,12.04,4.05,8.23,10.13,0.5,-5.41,-2.47,12.39,0.14,-2.78,14.55,0.89,10.46,7.01,17.56,7.77,-13.98,-2.85,7.09,13.7,16.26,18,14.95,15.03,6.23,22.63,16.67,
Nifty Media,4.4,2.37,12.61,-12.55,-14.14,-0.2,-15.4,-6.63,10.73,2.86,24.01,13.44,-7.62,1.51,-3.48,13.22,3.82,18.09,-3.7,17.81,-8.12,2.4,6.95,10.5,-11.65,13.48,13.11,-12.09,21.85,-6.05,0.46,16.16,-5.06,-7.94,-18.74,4.98,-2.59,-18.2,-11.18,0.44,-41.78,29.17,15.31,6.54,-6.15,16.32,19.7,3.82,7.5,-20.26,9.25,-3.35,-14.54,2.57,30.2,5.4,-24.71,11,7.45,-14.74,-9.6,1.21,1.24,27.45,26,0.62,3.31,-11.42,21.72,0.88,
Nifty Metal,3.42,-17.43,13.45,4.18,-8.82,-7.2,-26.04,-15.56,24.52,-5.89,-2.7,4.76,-22.54,-11.77,6.49,20.59,1.84,31.27,-12.86,-6.91,-11.19,-1.6,-26.95,10.6,6.21,14.1,16.25,5.35,19.02,-2.23,19.22,11,-8.42,-2.06,1.92,-8.99,-2.65,-2.1,-17.38,14.81,-42.94,25.57,13.48,45.17,22.92,31.79,8.17,-1.02,17.36,-26.59,24.79,16.56,-18.18,12.95,10.44,16.71,3.56,18.88,4.33,-14.94,-2.44,2.4,5.9,33.2,27,10.3,9.03,-15.23,35.26,27.27,
Nifty MidSmall Financial Services,1.92,14.45,25.7,-4.17,-2.89,-1.29,-10.34,-14.54,31.74,1.83,6.88,17.59,-15.08,-2.85,-12.69,21.14,6.55,40.34,-2.63,14,-3.58,3.21,-0.68,-0.69,-9.58,18.26,17.21,-13.07,27.87,7.59,7.33,4.05,-10.47,0.99,-14.13,8.93,7.63,-2.5,-18.28,9.49,-45.42,22.91,6.14,33.25,16.9,4.01,0.95,-4.99,-3.9,-10.78,12.91,14.45,-8.54,24.1,16.47,13.01,-1.07,13.43,10.03,-0.65,-4.42,7.06,13.68,28.99,26,11.32,11.53,-3.93,25.06,17.58,
Nifty MidSmall Healthcare,11.72,7.54,4.81,7.01,-8.79,3.85,-8.24,-7.19,12.99,9.38,14.73,13.22,-2.91,9.35,1.16,16.67,7.83,23.77,13.07,9.61,17.39,2.01,11.49,3.13,-13.57,11.22,13.54,-1.57,11.39,-6.5,-6.54,22.47,-5.34,0.21,8.7,3.04,0.99,-7.17,1.55,9.96,-6.96,23.96,29.53,8.98,-0.36,17.86,1.92,-0.68,-9.79,-13.2,6.33,-2.16,-1.65,21.91,12.19,13.57,7.27,8.85,18.76,4.63,-7.75,22.87,22.78,19.7,18,24.57,23.66,11.29,36.88,28.43,
Nifty MidSmall IT & Telecom,0.23,-3.03,-0.61,-3.92,-10.63,-12.55,-16.5,-14.94,27.95,0.88,7.06,-4.87,-0.82,-1.88,8.49,25.04,4.49,20.47,12.38,0.95,0.64,-2.4,6.41,9.22,-6.59,3.87,-6.15,2.34,3.17,8.09,6.66,34.25,-9.93,0.22,-2.91,-7.95,3.63,1.45,-11,7.44,-27.81,35.99,41.04,24.48,14.37,28.12,27.81,12.19,-5.93,-22.57,3.65,-1.91,3,23.45,12.62,18.97,1.28,6.15,7.06,-0.4,-3.58,8.89,15.4,27.57,23,18.95,20.33,3.29,42.74,39.27,
Nifty MidSmall India Consumption,0.36,8.97,9.06,-1.42,-7.59,5.3,-9.01,-10.46,19.55,-0.44,10.33,15.44,-7.39,3.41,-2.85,16,1.28,32.23,2.88,8.77,7.77,-2.68,-3.82,10.25,-5.8,7.07,8.48,-8.22,22.16,-0.46,3.89,22.13,-10.6,-2.11,-2.97,3.04,-2.09,-2.07,3.93,5.91,-24.81,20.09,19.61,19.01,7.41,9.68,15.91,4.74,-5.66,-11.47,17.09,-2.14,-4.81,16.25,10.35,14.13,2.57,19.55,9.59,1.1,-9.63,10.94,16.99,21.1,23,17.6,17.67,6.11,29.19,27.21,
Nifty MidSmallcap 400,3.21,5.89,13.38,-3.73,-10.47,0.29,-10.45,-15.94,24.52,-2.61,8.66,9.71,-12.81,-2.99,-3.57,18.99,7.38,37.16,3.15,8.94,4.32,-1.31,1.12,5.92,-8.32,11.59,10.01,-6.84,20.97,5.51,4.03,17.94,-10.91,-4.28,-6.37,3.58,2.75,-3.31,-6.97,6.04,-30.2,25.86,17.89,21.52,14.59,15.89,11.77,2.84,-3.47,-11.06,15.85,2.41,-5.29,18.84,14.34,13.61,3.48,18.13,7.55,-4.58,-7.9,9.08,15.57,23.65,22,16.36,17.01,4.03,32.49,29.12,
Nifty MidSmallcap400 Momentum Quality 100,4.21,6.98,16.91,-1.6,-5.76,0.68,-8.73,-12.4,23.74,-0.9,10.41,9.86,-3.7,2.36,-1.37,19.53,7.41,27.96,14.48,13.67,5.9,-0.87,1.77,2.38,-6.44,7,11.96,-7.49,21.96,6.77,5.42,21.93,-11.07,-2.33,-1.73,-0.33,3.51,-2.06,-5.02,7.19,-23.28,22.28,20.74,15.25,11.4,17.78,14.23,5.26,-3.07,-14.36,15.12,-0.97,-1.62,16.99,12.75,14.79,6.52,19.3,5.29,-5.64,-7.75,16.96,20.4,21.33,23,22.38,21.85,7.64,33.05,29.67,
Nifty Midcap 150,3.59,6.23,13.4,-3.78,-9.63,0.24,-11.23,-14.21,24.96,-2.68,8.79,10.88,-11,-2.17,-3.17,17.1,6.38,33.53,3.47,10.67,4.46,-0.77,0.79,5,-6.37,10.25,11.03,-7.05,20.59,4.77,4.89,17.52,-9.67,-2.6,-4.24,3.71,2.71,-2.28,-6.32,7,-28.63,25.35,15.55,21.46,14.57,13.47,11.98,1.78,-3.3,-9.61,16.51,2.04,-4.37,18.22,13.28,12.92,4.18,17.39,7.33,-5.18,-6.77,10.13,16.4,22.31,22,17.85,17.9,6.03,31.72,28.32,
Nifty Midcap 50,1.98,3.09,9.3,-2.84,-14.04,-3.03,-12.42,-16.5,31.43,-6.66,6.51,5.28,-18.39,-1.63,0.49,22.3,7.38,37.26,-6.95,7.56,0.54,-4.47,0.47,6.79,-6,9.22,14.01,-7.43,20.07,3.21,4.18,18.27,-10.12,-2.41,-4.11,6.77,3.08,-3.84,-9.23,7.07,-31.96,28.83,14.35,25.97,15.68,10.58,11.27,1.81,-2.3,-10.64,14.84,5.07,-3.09,19.8,15.02,13.39,3.08,16.27,7.68,-5.34,-7.18,6.65,13.23,25.13,23,16.05,15.22,2.39,32.78,28.95,
Nifty Midcap Liquid 15,-1.05,2.56,9.29,-11.45,-7.03,0.08,-10.75,-17.8,32.29,-7.66,11.33,17.09,-18.69,-3.25,-11.04,28.49,10.91,38.34,-9.51,14.45,-2.47,-3.42,1.42,0.3,-10.16,11.73,14.02,-8.04,24.36,3.29,0.8,19.46,-8.54,-5.24,-1.94,6.51,3.38,-0.16,-11.44,8.43,-32.01,22.96,22.2,25.42,11.2,10.49,11.91,2.97,2.74,-7.91,9.95,4,-4.57,15.72,13,15.28,-0.53,18.6,12.21,1.21,-7.96,7.43,14.05,26.49,24,16.26,15.67,3.18,33.8,30.48,
Nifty Midcap150 Momentum 50,5.79,7.97,16.84,-1.6,-4.85,3.46,-8.75,-7.97,21.94,0.01,9.93,16.05,-3.19,2.23,-1.61,15.46,5.39,25.46,17.89,12.64,10.32,0.85,4.34,1.22,-5.04,10.32,11.94,-9.62,23.96,7.81,8.1,20.59,-10.47,-2.61,-0.12,-4.67,3.04,-1.13,-5.52,9.72,-20.79,22.42,16.24,12.54,25.01,16.01,17.15,4.94,-1.41,-13.31,20.35,-2.45,-3.09,16.27,16.48,16.18,9,18.04,7.02,-3.91,-9.89,26.16,23.87,21.43,21,25.61,25.12,10.04,38.03,35.56,
Nifty Mobility,4.81,8.42,15,4.69,-6.64,-3.8,-6.3,-11.36,19.51,-3.37,8.68,5.5,-8.95,3.53,0.98,12.64,13.6,22.01,14.66,6.49,3.76,2.42,-4.76,4.94,0.13,6.63,13.63,-4.49,13.43,5.84,6.28,10.12,-8.77,-1.76,-5.73,-1.59,-3.45,-4.32,-1.85,5.98,-37.71,37.42,15.55,17.61,13.57,6.67,3.65,0.86,-1.28,2.79,11.05,1.21,-7.47,21.66,8.02,18.35,16.73,14.97,9.01,-14.61,-5.59,9.66,16.04,22.06,20,15.49,15.95,1.52,31.12,24.74,
Nifty Next 50,3.85,5.29,11.86,-2.77,-7.63,-0.09,-12.07,-15.1,25.72,-3.1,9.97,11.84,-8.86,3.19,-2.36,15.47,4.78,22.59,3.7,9.87,4.26,2.11,-0.51,2.02,-5.65,9.55,12.17,-6.5,18.54,5.07,5.4,12.53,-7.47,-0.76,-3.01,3.45,0.62,-3.18,1.22,3.05,-25.11,21.98,5.35,20.45,5.27,12.78,10.32,-0.07,-2.21,-11.01,16.48,-0.4,-10.24,15.85,3.17,18.6,13.85,18.13,8.04,-11.65,-8.08,7.1,13.71,20.47,23,14.16,15.02,5.57,23.92,20.13,
Nifty Non-Cyclical Consumer,0.9,8.85,14.41,-2.12,-8.98,8.35,-6.45,-5.65,14.75,3.9,12.24,13.78,-3.7,8.6,5.69,2.77,2.46,6.57,11.14,3.65,6.82,2.85,-3.26,4.3,-5.08,8.8,2.57,-9.62,16.48,8.05,2.45,18.33,-6.01,6.37,-3,5.28,1.09,-0.94,7.11,0.22,-13.52,13.68,3.54,19.79,1.25,7.31,16.46,-0.85,-3.86,-7.34,19.33,-3.3,-2.82,16.59,2.08,12.99,2.92,10.39,16.72,-10.32,-5.38,9.57,15.97,16.3,19,16.56,16.27,9.5,21.57,19.57,
Nifty Oil & Gas,-3.57,14.25,1.86,-0.99,-5.07,-5.5,-5.58,-10.63,9.53,-0.68,5.92,-1.41,-0.23,4.21,-7.81,8.17,11.29,22.77,-1.2,-6.48,-4.24,7.83,-11.49,11.4,-1.89,4.73,16.78,5.18,15.34,-1.62,13,11.52,-8.04,-3.56,12.28,-7.11,14.48,-3.91,0.45,3.73,-29.3,32.49,3.39,12.71,12.72,10.16,15.46,-4.33,7.88,-3.34,1.53,10.4,-15.25,5.42,5.28,20.24,20.85,6.85,7.05,-17.53,-2.53,5.36,11.63,21.07,26,15.23,13.96,2.12,23.43,17.67,
Nifty PSE,-8.18,4.77,4.63,-6.08,-7.04,-4.85,-9.18,-13,10.85,0.24,3.11,-2.32,-3.74,-1.15,-7.98,7.51,9.1,32.95,-6.57,1.66,-0.82,1.75,-13.49,3.91,-7.4,11.46,11.3,5.82,11.8,-5.82,7.86,6.61,-8.26,-8.22,1.87,-4.14,8.11,2.2,-10.29,-0.53,-30.09,12.64,-8.37,24.24,13.4,16.41,14.92,-4.76,9.03,-6.49,6.04,9.48,2.64,13.58,18.63,31.8,17.07,17.19,6.21,-15.21,-4.86,3.41,8.37,22.59,26,6.05,8.1,-4.07,32.22,28.12,
Nifty PSU Bank,-0.59,9.89,35.35,-7.67,-0.79,-10.91,-18.03,-18.38,29.66,-1.89,3.47,9.02,-17.02,-8.13,-21.89,19.72,8.46,42.14,-12.93,26.56,-20.12,-4.13,-3.93,-7.57,-14.5,12.28,14.86,-4.72,18.26,-5.75,-7.87,21.65,-22.21,-2.99,-3.3,14.35,8.14,-4,-28.43,10.04,-47.52,7.78,-10.54,37.21,23.11,17.03,-1.37,1.91,7.72,-8.8,23.31,44.19,-13.95,11.42,27.94,8.66,22.65,5.88,-8.28,-3.19,-5.93,2.17,5.21,35.69,32,0.75,1.86,-15.83,28.06,21.97,
Nifty Pharma,7.06,7.11,5.11,13.08,-10.33,6.43,-5.78,1.22,10.24,3.71,8.34,7.33,-1.36,13.68,9.48,3.72,-0.02,11.99,27.75,0.95,17.32,-5,6.2,-7.31,-8.03,1.4,3.15,-10.41,1.44,-7.72,-3.97,4.9,-13.11,9.75,9.29,-11.05,5.41,-13.71,-5.74,6.54,-10.33,39.14,18.17,9.72,-4.73,16.62,1.48,-1.65,-4.26,-10.42,7.16,-2.87,-4.32,14.6,12.59,9.16,13.11,3.9,18.46,0.59,-6.58,6.46,13.02,20.19,22,8.82,10.89,-7.45,26.37,24.75,
Nifty Private Bank,9.2,2.45,27.76,-4.26,-0.21,1.77,-13.56,-14.28,30.8,2.95,12.03,12.04,-6.3,5.73,-17.15,19.46,12.35,18.39,3.8,22.77,2.39,1.98,-6.14,-0.45,-2.86,12.53,6.14,-6.51,17.53,10.53,4.68,4.21,-3.19,9.54,-5.22,8.06,13.23,-0.44,-5.25,9.32,-42.72,15.21,0.81,46,2.97,3.1,6.49,-7.23,2.1,-8.96,19.65,9.68,-5.69,11.64,1.11,7.68,-5.31,11.22,1.96,-6.5,-4.15,7.54,14.17,25.28,21,14.81,14.98,3.41,24.34,7.42,
Nifty Realty,-16.18,-2.4,18.22,-22.73,-17.54,-14.51,-10.8,-22.48,29.77,-6.58,10.53,14.62,-20.39,-13.86,-21.57,23.51,2.42,39.85,-22.74,0.15,6.41,-16.21,-0.29,-3.65,-8.68,27.88,1.29,-18.42,29.98,22.56,4.26,26.84,-15.1,-7.61,-18.88,5.81,15.86,5.81,-8.62,15.39,-41.07,15.46,4.83,48.13,6.46,2.93,49.77,-5.76,-4.26,-16.88,10.41,1.84,-10.29,34.3,11.05,36.05,15.04,22.69,-0.3,-4.24,-18.88,1.82,3.99,38.64,29,6.28,7.86,-16.24,34.44,29.1,
Nifty Rural,-0.49,5.5,17.04,-1.34,-4.54,-1.21,-6.22,-5.94,17.26,-1.25,9.77,7.91,-7.98,4.78,-1.29,7.47,6.1,16.99,7.52,5.26,2.3,-0.61,-3.49,4.09,-4.17,12.66,8.07,-8.57,15.55,5.51,1.04,9.83,-7.28,1.05,-4.04,1.56,0.63,0.62,-3.81,6.32,-29.57,22.37,5.64,24.24,7.73,6.66,11.17,-1,-1.09,-4.5,14.54,0.63,-3.84,17.64,4.81,10.72,4.83,11.33,9.42,-13.7,-1.6,6.14,12.64,17.95,23,13.22,12.77,2.62,22.66,17.64,
Nifty Services Sector,-0.45,1.07,18.56,1.08,-2.88,-3.34,-13.38,-5.79,15.16,-1.4,8.16,4.65,-1.13,0.87,-2.86,13.67,5.11,15.26,5.12,9.7,3.27,-2.41,-1.38,-1.5,-3.18,7.54,3.04,-4.53,14.32,4.55,4.5,6.92,-1.29,8.31,-0.51,3.37,8.71,4.37,-3.68,8.27,-31.81,15.21,6.84,35.27,4.89,6.92,12.68,-0.67,-0.62,-11.74,10.35,6.45,-7.24,8.73,1.23,10.49,0.7,9.97,8.74,-4.61,-3.66,5.83,12.26,18.05,23,13.97,13.76,5.73,20.23,13.73,
Nifty Shariah 25,0.17,0.82,8.92,4.35,-5.94,-1.17,-8.97,-1.67,9.18,-0.59,6.22,0.37,0.34,5.44,4.7,8.67,6.37,11.45,12.82,1.58,6.21,1.78,1.06,-0.5,-4.67,5.94,4.99,-5.29,10.17,4.16,6.81,9.43,-5.99,3,1,1.86,2.49,-2.09,3.35,0.29,-16.63,17.38,10.21,16.48,3.24,9.96,9.49,1.7,-5.36,-8.84,10.17,1.47,-5.87,9.87,4.52,13.1,2.15,9.67,11.78,-9.58,-1.88,5.7,12.09,13.36,16,13.85,13.51,6.17,19.27,16.22,
Nifty Smallcap 250,2.39,5.15,13.34,-3.6,-12.16,0.4,-8.87,-19.21,23.64,-2.46,8.41,7.37,-16.56,-4.87,-4.54,23.46,9.61,45.02,2.48,5.37,3.93,-2.41,1.8,7.77,-12.15,14.45,7.87,-6.53,21.8,6.96,2.43,18.76,-13.25,-7.66,-10.74,3.3,2.84,-5.41,-8.33,3.99,-33.7,27.07,23.38,21.67,14.64,21.68,11.29,5.21,-3.83,-14.17,14.33,3.18,-7.18,20.08,16.4,14.91,2.19,19.51,7.94,-3.5,-9.85,7.25,13.87,26.9,22,13.98,15.2,-0.12,34.12,30.7,
Nifty Smallcap 50,1.69,0.03,10.67,-3.41,-13.49,1.24,-11.3,-22.11,24.87,-2.07,4.35,6.73,-18.24,-10.13,-5.11,30.49,10.56,42.82,-2.09,6.92,4.3,-4.3,-1.13,6.22,-13.88,16.68,9.31,-8.76,24.83,8.46,-0.22,14.97,-15.53,-9.11,-17.67,7.08,2.8,-8.01,-9.87,5.14,-37.7,24.99,34.09,21.65,14.94,20.76,9.66,-0.11,-9.64,-19.71,11.4,1.9,-5.45,19.66,20.47,21.4,-1.31,22.13,7.84,-2.8,-9.19,4.03,9.57,30.05,27,10.24,10.63,-5.25,31.16,27.17,
Nifty Smallcap250 Momentum Quality 100,5.98,6.04,15.69,-1.78,-8.85,3.59,-3.74,-17.1,21.52,1.69,9.55,9.09,-10.03,-2.08,-1.01,28.21,9.94,38.68,10.23,8.07,7.49,-3.29,6.13,5.99,-10.5,14.4,9.17,-6.91,26.25,6.77,4.16,23.16,-11.3,-0.99,-9.7,2.86,4.48,-3.03,-5.26,2.23,-29.66,24.03,27.55,16.5,17.41,26.1,10.38,5.45,-3.45,-14.81,13.22,0.83,-4,19.81,13.92,14.55,3.2,19.39,4.63,-5.52,-10.99,16.59,20.23,25.29,21,23.04,22.38,6.69,34.83,30.84,
Nifty Smallcap250 Quality 50,6.71,6.1,18.62,0.8,-8.89,1,-5.82,-15.11,20.23,-0.24,10.31,4.7,-8.34,-2.76,-0.72,26.2,11.69,31.34,11.02,7.27,6.45,-4.74,6.06,11.4,-10.44,16.45,4.84,-1.82,20.09,3.17,0.96,16.33,-7.89,-2.4,-5.35,-0.84,3.61,-5.26,-6.92,1.37,-26.62,24.76,23.74,17.9,14.82,25.85,10.34,4.15,-3.19,-8.92,11.57,2.17,-2.67,17.84,12.09,18.34,-0.44,20.65,11.21,-4.58,-10.68,15.2,19.54,23.13,23,20.5,20.51,4.6,36.35,34.02,
Nifty Top 10 Equal Weight,-2.01,3.11,16.55,1.91,-3.44,-0.59,-12.2,-6.48,14.96,4.56,8.81,2.15,2.35,2.96,-4.7,12.73,8.46,16.61,2.41,4.58,-0.25,1.81,-6.33,-1.7,-2.38,9.22,3.34,-4.03,13.25,5.8,0.16,10.71,-2.1,11.21,6.01,3.13,7.82,6,-2.13,6.34,-28.72,15.35,7.61,30.34,3.8,3.79,12.61,-1.97,-0.17,-4.99,8.66,6.62,0.13,8.32,2.29,8.92,-1.65,6.94,7.72,-4.99,-1.6,6.95,13.56,16.38,20,15.07,14.93,7.66,21.09,14.41,
Nifty Top 15 Equal Weight,-1.27,1.43,17.53,1.13,-3.95,-1.45,-13.67,-7.42,16.99,1.75,7.51,4.76,-2.93,3.99,-0.94,11.91,7.29,15.58,6.74,3.78,2.87,1.08,-9.07,1.55,-2.68,9.26,3,-6.32,12.03,4.36,-0.42,11.08,-3.97,9.33,2.8,2.4,5.56,2.93,-2.48,5.79,-32.23,17.54,5.53,33.02,4.72,5.98,13.04,-2.54,2.25,-6.22,11.54,6.29,-3.13,12,3.06,7.12,1.62,6.62,8.01,-6.77,-0.54,5.92,12.36,17.71,19,14.17,13.29,3.89,19.85,15.22,
Nifty Top 20 Equal Weight,-0.58,2.21,15.43,1.94,-3.79,-1.56,-14.93,-6.22,17.62,-0.62,7,4.35,-4.38,4.59,-1.6,11.13,5.58,17.16,6.14,3.61,2.21,1.16,-8.85,1.08,-3.46,7.74,4.78,-4.45,10.84,3.01,1.5,12.05,-4.12,7.14,2.98,-2.45,6.18,1.85,-0.83,6.07,-30.34,18.1,8.42,32.89,3.86,5.87,12.97,-2.2,0.12,-5.92,13.81,4.52,-4.09,13.29,3.69,8.63,3.6,6.27,11.01,-8.38,-0.72,5.82,12.25,17.75,20,13.6,13.02,3.76,21.5,17.2,
Nifty Transportation & Logistics,6.66,8.35,14.38,2.29,-8.4,0.85,-2.9,-8.95,23.78,-3.99,9.11,7.5,-10.75,4.47,3.54,15.77,14.19,22.85,17.33,9.25,4.36,-1.3,-4.73,2.71,-0.59,5.92,13.31,-7.71,11.82,7.41,3.86,10.53,-8.82,-1.44,-8.68,-1.24,-6.06,-4.35,-2.63,6.36,-38.95,37.97,15.98,18.63,14.66,7.09,3.47,4.23,-3.49,3.99,12.42,-0.63,-4.72,23.66,8.38,15.43,15.96,16.78,7.8,-13.61,-6.44,10.69,16.81,22.99,22,18.14,16.05,-1.96,32.62,26.19,
Nifty100 Equal Weight,1.63,3.45,12.55,-0.46,-7.61,-1.79,-11.89,-11.32,24,-2.38,8.19,6.82,-8.81,1.95,-2.45,15.4,6.61,21.72,2.78,6.82,1.7,-0.61,-2.88,2.06,-4.23,8.85,8.93,-5.39,14.71,2.9,4.41,10.39,-7.49,0.21,-2.13,0.89,3.77,-1.89,-3.59,5.49,-28.89,24.84,6.4,24.38,9.06,11.7,10.98,-0.92,-0.98,-9.67,12.35,1.85,-7.04,15.43,4.87,16.13,8.96,11.68,8.95,-11.34,-4.06,5.74,12.14,19.47,23,13.17,13.05,3.13,24.16,19.87,
Nifty100 Low Volatility 30,3.39,7.94,10.03,2.2,-4.17,1.68,-6.15,-3.75,14.19,1.43,9.82,3.82,-3.94,5.41,-1.47,6.81,7.57,15.68,9.05,0.82,6,0.91,-0.17,2.87,-3.14,9.98,3.23,-6.22,11.82,3.6,4.59,7.53,-2.1,6.62,2.51,0.36,2.67,-0.26,1.55,1.18,-19.99,18,11.27,18.33,4.26,9.6,11.27,-2.29,-3.41,-5.09,7.83,3.17,-1.67,12.18,3.81,15.16,5.37,5.53,12.74,-10.35,-0.61,8.23,14.82,13.9,17,15.48,15.06,7.72,21.32,18.47,
Nifty200 Alpha 30,-0.27,-3.76,16.21,1.03,-5.67,0.05,-7.13,-7.13,16.17,0.16,11.09,5.54,-4.92,5.78,3.7,11.34,1.93,18.79,7.63,7.71,14.44,0.72,2.95,0.48,-4.7,8.88,11.6,-5.59,22.95,6.59,9.39,13.63,-9.16,3.09,-0.39,-0.82,5.1,1.28,-1.88,6.08,-21.47,17.59,15.71,15.22,5.1,20.23,16.35,6.25,-4.2,-23.31,21.49,2.2,-4.87,22.4,13.49,19.19,11.74,17.75,5.65,-8.24,-11.41,13.86,18.81,20.32,18,20.35,21.05,10.86,31.57,28.65,
Nifty200 Momentum 30,1.16,0.53,18.04,-0.25,-3.65,-0.64,-8.35,-4.34,14.5,1.18,12.14,6.84,-3.94,6.51,2.43,7.72,3.29,19.09,10.61,9.92,10.62,0.48,2.37,-2.58,-4.58,8.33,12.41,-5.7,22.07,3.68,12.43,10.65,-5.74,5.26,0.48,-1.36,6.94,0.59,-2.98,5.92,-19.15,17.72,11.45,13.09,9.45,19.89,11.25,5.36,-1.99,-19.25,17.5,1.68,-5.87,16.88,9.19,17.96,12.9,14.94,6.9,-12.53,-8.81,13.39,18.55,18.45,18,20.85,20.64,11.53,27.99,24.57,
Nifty200 Value 30,2.19,12.78,20.44,-3.08,-7.08,-2,-11.87,-17.62,37.55,-3.48,0,9.67,-17.86,-5.18,-7.81,24.26,10.27,46.12,-13.92,10.83,-10.28,-6.27,-6.55,1.65,-5.83,11.11,17.33,1.12,19.63,-4.78,6.78,11.29,-10.21,-7.26,-2.84,0.77,4.81,-2.01,-15.23,4.78,-37.66,24.26,1.74,31.91,18.28,15.44,12.97,-4.07,7.07,-9.26,10.92,16.21,-1.7,14.24,16.74,24.19,13.36,16.28,7.77,-13.63,-4.57,6.51,13.07,29.05,26,10.16,11.16,-2.92,36.53,30.93,
Nifty50 Shariah,-0.69,1.63,6.87,4.72,-6.09,-4.04,-8.97,-1.31,8.11,-1.99,7.04,-0.03,1.99,2.98,6.23,7.29,4.63,11.76,8.67,-1.31,2.52,2.88,-3.4,1.37,-1.79,4.06,6.11,-3.84,11.85,3.76,9.18,9.45,-7.52,1.58,2.74,-1.58,4.79,-0.66,1.91,-0.45,-13.62,14.46,18.12,19.35,5.26,10.9,10.02,3,-3.38,-13.23,3.3,4.8,-4.81,6.74,4.93,11.84,0.43,6.16,15.4,-10.02,-2.25,5.04,11.18,13.7,21,13.14,13.2,6.37,20.14,17.17,
Nifty50 Value 20,2.51,0.57,21.45,4.8,-5.24,-3.44,-9.92,-4.06,13.11,1.86,7.93,2.22,-0.76,2.93,-1.26,13.2,5.58,17.81,2.76,5.41,-3.11,1.96,-5.56,1.06,0.01,3.29,2.17,-1.43,9.8,1.68,4.38,13.13,-4.1,7.25,10.46,-2.78,8.95,-1.3,-1.46,2.59,-18.5,13.67,12.3,23.47,9.66,8.85,13.35,1.51,0.08,-10.7,6.55,6.74,1.44,7.75,5.72,12.33,5.57,7.68,11,-6.59,-2.13,8.46,15.03,15.11,17,14.82,15.47,7.04,24.81,22.37,
Nifty500 Equal Weight,2.07,6.97,13.37,-2.14,-11.08,0.07,-10.27,-17.47,24.68,-2.54,7.19,6.44,-16.47,-4.14,-4.16,21.59,7.7,41.61,0.98,5.45,0.95,-1.09,0.33,7.04,-10.17,11.56,7.61,-4.91,19.18,3.8,3.1,18.59,-12.2,-5.91,-7.64,3.04,2.11,-5.12,-8.11,4.62,-31.73,32.11,14.69,22.9,11.99,19.65,10.1,1.81,-3.8,-10.65,14.16,3.58,-7.31,19.31,13.55,13.45,4.04,17.61,7.87,-6.73,-7.19,6.45,13,25.18,22,13.89,14,0.71,31.44,27.75,
Nifty500 LargeMidSmall Equal-Cap Weighted,2.14,5.25,13.28,-0.91,-8.64,0.03,-10.14,-13.86,21.65,-1.84,8.28,7.47,-11.44,-1.18,-3.28,18.25,7.46,32.06,3.01,6.75,3.17,-1.56,-0.01,4.42,-7.17,10.95,8.06,-6.34,18.62,5.33,3.63,14.94,-9.01,-1.71,-4.56,2.36,3.97,-2.22,-5.49,5.65,-30.28,24.06,15.86,22.27,11.43,14.45,11.84,2.03,-2.21,-11.06,13.6,3.35,-5.77,16.64,10.82,13.31,3.71,15.49,7.71,-5.82,-6.67,7.7,14.32,21.41,23,15.5,15.5,3.91,28.48,25.01,
Nifty500 Momentum 50,1.56,1.27,17,0.24,-4.77,0.09,-4.87,-12.26,19.44,0.54,14.29,10.44,-4.47,5.6,2.47,9.14,1.93,24.31,20.95,11.11,11.58,-2.42,1.5,0.69,-6.68,2.96,11.03,-7.05,27.18,2.3,11,17.38,-9.82,0.73,0.42,-2.06,7.11,-0.26,-4.18,6.05,-22.64,20.57,13.41,14.35,16.98,19.39,15.57,10.81,-4.27,-18.35,18.8,-0.48,-6.28,20.26,12.34,16.66,10.64,21.86,5.27,-10.37,-11.34,16.88,20.36,21.85,18,23.35,22.39,8.52,33.64,30.3,
Nifty500 Multicap 50:25:25,1.35,4.49,12.81,-0.49,-7.84,-0.46,-10.62,-12.33,20.2,-1.34,8.38,6.69,-9.74,-0.03,-2.82,16.32,7.19,27.76,3.53,6.28,3.17,-1.27,-1.06,3.43,-6.08,10.16,7.46,-5.96,17.28,5.12,3.61,13.24,-7.83,0.06,-3.01,1.76,4.57,-1.35,-4.58,5.71,-29.8,23.09,14.19,22.83,9.98,12.8,11.94,1.25,-1.56,-10.57,12.63,3.72,-5.77,15.39,8.83,13.02,3.97,14.02,7.74,-6.56,-5.84,7.08,13.7,19.91,23,15.51,14.96,4.34,26.36,22.84,
Nifty500 Multicap India Manufacturing 50:30:20,7.05,-1.03,10.24,3.61,-9.59,-0.68,-12.12,-12.4,20.86,-4.48,7.01,7.68,-11.69,3.1,3.54,16.23,9.31,25.96,10.93,3.86,3.53,-3.42,-0.73,3.62,-6.53,9.08,10.39,-7.37,13.06,1.78,2.48,14.93,-9.87,-1.33,-3.45,-2.12,-1.69,-5.59,-4.88,6.28,-33.05,34.27,20.71,20.99,11.43,16.48,6.94,2.39,0.16,-9.17,12.93,1.41,-4.56,16.29,8.29,12.58,8.46,18.68,7.51,-8.36,-5.46,6.99,13.6,22.05,23,13.31,14.37,-0.98,31.77,27.24,
Nifty500 Multicap Infrastructure 50:30:20,-2.03,3.14,5.17,-3.64,-12.09,-4.1,-9.8,-16.37,19.04,-5.92,8.34,4.4,-12.94,-1.68,-4.02,17.33,11.01,34.8,-0.78,3.81,2.45,-0.92,-5.62,5.18,-4.44,9.19,8.27,-5.14,17.21,4.01,4.21,14.22,-8.88,-6.51,-1.29,2.62,3.31,-0.83,-3.59,2.22,-30.25,26.71,9.1,21.24,14.89,9.48,13.6,2.43,-0.11,-8.1,12.96,5.3,-2.66,15.77,8.44,15.63,11.32,14.59,4.15,-8.97,-5.89,5.03,11.17,21.7,26,13.78,13.49,1.36,30.05,26.14,
Nifty500 Multicap Momentum Quality 50,6.73,4.88,13.12,3.11,-5.69,1.88,-5.21,-8.91,19.17,-0.69,9.69,6.25,-0.36,4.73,8.81,12.6,5.17,15.46,18.27,14.63,9.71,1.64,0.79,0.79,-7.99,7.93,8.68,-10.92,20.76,4,7.11,18.08,-8.71,2.87,1.29,0.58,5.02,0.52,0.02,3.29,-15.43,17.13,14.89,13.96,7.05,21,15.99,7.7,-6.27,-18.66,12.74,-0.14,-2.04,18.12,11.27,22.63,8.06,17.4,3.61,-7.61,-9.11,17.82,20.79,18.88,15,22.92,22.17,9.76,30.37,28.13,
Nifty500 Shariah,0.54,2.95,7.24,3.09,-6.51,-2.07,-9.04,-4.41,11.24,-1.27,7.99,1.21,-0.58,2.47,4.62,9.85,5.49,14.21,10.18,1.61,4.67,2.44,-2.08,1.85,-3.15,6.1,7.6,-4.87,13.49,4.67,7.16,13.69,-7.85,-0.28,-0.03,0.72,2.13,-1.55,1.35,0.77,-16.88,18.1,16.28,19.18,9.04,12.56,10.45,3.2,-3.63,-11.37,9.54,2.22,-5.57,10.62,6.58,12.27,2.71,12.83,11.42,-8.91,-5.44,6.76,13.35,14.97,19,15.59,15.3,6.83,23.69,21.75,
