Index,Date,Value,DAILY,WEEKLY,MONTHLY,QUARTERLY,SIX_MONTHLY,ANNUAL,THREE_YEARS,FIVE_YEARS,SEVEN_YEARS,TEN_YEARS,FIFTEEN_YEARS
Nifty MidSmall Healthcare,07/10/2026,61947.08,-0.1,0.11,-2.37,1.12,21.46,16.54,24.59,15.53,24.22,18,24.02
Nifty Midcap150 Momentum 50,07/10/2026,75721.9,-0.28,1.02,-3.33,-0.46,9.13,1.23,14.36,14.45,25.5,19.35,23.65
Nifty Microcap 250,07/10/2026,32821.1,-0.24,-0.22,-1.37,4.23,,12.56,17.51,20.83,30.92,19.26,21.76
Nifty Alpha 50,07/10/2026,68033.15,0.47,2.95,-1.07,4.5,20.55,11.01,15.9,11.91,25.29,19.98,20.79
Nifty500 Momentum 50,07/10/2026,65127.33,-0.31,1.44,-2.18,2.08,12.47,3.1,12.26,11.81,21.32,17.97,20.67
Nifty MidSmallcap400 Momentum Quality 100,07/10/2026,65273.02,-0.07,0.89,-2.84,-0.14,12.32,4.61,12.84,12.24,21.74,16.87,20.66
Nifty Smallcap250 Momentum Quality 100,07/10/2026,65175.82,0.38,1.16,-1.61,3.03,22.89,7.31,10.99,11.41,21.85,16.67,20.29
Nifty200 Alpha 30,07/10/2026,32298.73,-0.5,0.82,-3.67,-1.25,11.33,3.01,14.56,13.22,20.82,17.93,20.22
Nifty500 Multicap Momentum Quality 50,07/10/2026,52517.07,-0.28,0.92,-3.16,-1.26,6.25,-2.15,10.82,9.23,18.64,16.29,19.91
Nifty MidSmall IT & Telecom,07/10/2026,12782.87,-0.27,3.45,-4.21,3.72,17.49,1.36,6.73,6.92,25.66,19.64,19.23
Nifty200 Momentum 30,07/10/2026,37357.51,-0.73,0.57,-3.27,-1.74,5.44,-3.12,9.7,8.95,17.02,15.63,18.64
Nifty Smallcap250 Quality 50,07/10/2026,35342.99,-0.21,-0.07,-3.14,-1.95,8.55,-5.93,8.62,11.16,21.55,14.82,18.44
Nifty Midcap 150,07/10/2026,27919.38,-0.64,-0.13,-5.28,-4.49,8.97,1.56,13.81,14.03,21.88,16.16,18.09
Nifty MidSmallcap 400,07/10/2026,26131.38,-0.38,0.16,-4.49,-2.92,12.85,2.92,13.83,14.06,22.17,15.54,17.29
Nifty MidSmall India Consumption,07/10/2026,21672.94,-0.56,-0.17,-4.21,-5.68,8.21,-9.88,10.6,9.71,17.77,13.72,16.94
Nifty Consumer Durables,07/10/2026,42468.72,-1.14,-0.81,-7.55,-3.39,6.78,-3.92,7.78,5.31,12.73,15.51,16.92
Nifty Transportation & Logistics,07/10/2026,31492.72,-1.35,-2.72,-6.5,-5.48,8.98,-6.35,16.92,18.07,21.1,12.55,16.92
Nifty Financial Services Ex-Bank,07/10/2026,39780.25,-0.15,0.67,-7.3,-7.79,4.97,-1.29,13.53,10.15,14.41,12.83,16.84
NIFTY Alpha Low-Volatility 30,07/10/2026,32966.85,-1.07,-1.23,-6.12,-7.2,2.59,-4.87,9.15,8.09,12.93,12.4,16.64
Nifty Mobility,07/10/2026,29175.34,-1.37,-2.53,-6.16,-4.99,9.31,-4.06,18.3,17.61,20.38,13.32,16.6
NIFTY Midcap 100,07/10/2026,80990.28,-0.63,0.1,-5.39,-4.45,9.12,2.49,14.44,14.45,22.02,15.01,16.59
Nifty Midcap 50,07/10/2026,22378.87,-0.75,-0.21,-5.85,-4.67,9.45,3.75,14.38,15.58,23.02,16.2,16.44
NIFTY Alpha Quality Value Low-Volatility 30,07/10/2026,28362.33,-0.91,-1.33,-5.28,-7.27,-0.98,-8.77,11.58,12.39,16.95,14.71,16.25
NIFTY Midcap150 Quality 50,07/10/2026,31287.0,-0.52,0.84,-4.73,-4.38,7.33,-4.76,7.74,5.52,14.2,12.43,16.07
NIFTY Alpha Quality Low-Volatility 30,07/10/2026,29238.32,-0.94,-0.76,-4.34,-6.84,3.56,-3.86,11.08,8.94,14.21,12.43,15.94
Nifty Smallcap 250,07/10/2026,22891.36,0.09,0.67,-3.03,0.09,20.71,5.7,13.95,14.06,22.8,14.28,15.66
Nifty500 LargeMidSmall Equal-Cap Weighted,07/10/2026,23163.96,-0.44,0.13,-4.38,-3.64,9.96,0.11,11.97,11.75,19.12,14.11,15.49
NIFTY LargeMidcap 250,07/10/2026,20561.24,-0.71,-0.14,-5.06,-5.48,4.77,-2.8,10.82,10.45,17.21,13.93,15.42
Nifty Next 50,07/10/2026,100547.28,-0.81,-0.49,-4.36,-3.62,10.44,1.98,16.52,10.82,15.83,12.51,15.38
Nifty MidSmall Financial Services,07/10/2026,29545.38,-0.28,0.07,-7.32,-5.45,11.26,13.46,22.94,20.52,19.32,11.94,15.33
NIFTY500 Value 50,07/10/2026,25598.77,-0.84,-1.44,-5.57,-6.36,-2.04,4.25,20.22,21.23,26.43,15.24,15.25
Nifty Auto,07/10/2026,33650.16,-1.58,-4.39,-9.24,-7.75,4.04,-5.67,17.3,18.98,20.41,10.44,15.15
Nifty Non-Cyclical Consumer,07/10/2026,18393.82,-0.76,0.92,-2.66,-6.17,4.66,-9.74,6.84,7.4,12.76,12.74,15.14
Nifty500 Multicap 50:25:25,07/10/2026,20722.42,-0.52,0.06,-4.49,-4.35,7.59,-1.69,10.94,10.54,17.53,13.55,14.84
Nifty MNC,07/10/2026,48039.27,-1.15,-0.65,-5.93,-8.2,5.55,1.86,12.39,10.49,14.18,12.65,14.82
Nifty Financial Services,07/10/2026,31883.09,-0.12,1.08,-3.93,-7.45,1.74,-6.11,8.96,7.32,11.1,12.84,14.55
Nifty Private Bank,07/10/2026,32098.05,0.08,1.57,-2.27,-3.94,7.73,-0.8,6.36,7.3,8.82,10.25,14.38
Nifty Low Volatility 50,07/10/2026,32076.04,-0.86,-0.61,-4.74,-7.15,-0.28,-7.1,8.98,7.87,14.12,12,14.35
Nifty500 Equal Weight,07/10/2026,18731.19,-0.44,-0.2,-4.53,-3.6,12.26,-0.02,12.33,12.47,20.85,13.41,14.34
Nifty200 Value 30,07/10/2026,24575.08,-0.68,-1.34,-5.31,-7.39,-3.61,4.89,21.39,22.09,25.17,15.72,14.31
Nifty India Consumption,07/10/2026,13984.49,-0.88,-0.87,-5.05,-7.24,3.2,-9.51,9.96,9.59,13.64,11.98,14.23
NIFTY200 Quality 30,07/10/2026,27294.03,-1.12,-0.53,-5.89,-5.99,-0.65,-7.52,6.37,5.88,12.14,11.51,14.19
Nifty100 Low Volatility 30,07/10/2026,26336.74,-0.94,-0.56,-5.49,-7.35,-0.19,-6.54,8.95,7.9,13.47,12.22,14.09
Nifty Healthcare,07/10/2026,19168.58,-0.26,-0.49,-2.79,-1.6,15.11,11.23,19.63,12.99,21.47,10.57,14.01
NIFTY Smallcap 100,07/10/2026,25344.04,0.3,1.37,-2.92,1.81,23.6,9.13,15.7,12.65,21.28,12.93,13.85
Nifty50 Value 20,07/10/2026,15704.29,-0.69,0.05,-4.93,-7.5,-7.16,-11.12,4.24,6,13.73,13.79,13.79
Nifty100 Equal Weight,07/10/2026,46921.1,-0.87,-0.65,-5.08,-5.54,5.78,-1.07,13.2,10.14,16.29,12.05,13.68
Nifty500 Shariah,07/10/2026,8474.97,-0.84,0.03,-4.31,-4.11,2.81,-5.41,5.92,5.17,13.99,11.93,13.67
NIFTY Quality Low-Volatility 30,07/10/2026,21930.23,-0.84,-0.4,-4.12,-5.89,1.28,-8.04,5.39,5.34,11.36,10.03,13.65
Nifty Bank,07/10/2026,77282.11,-0.13,0.77,-3.56,-5.23,5.12,-1.46,8.29,8.69,10.95,11.64,13.62
Nifty 500,07/10/2026,35487.05,-0.64,-0.05,-4.72,-5.34,4.25,-4.08,9.48,8.69,14.74,12.55,13.44
Nifty IT,07/10/2026,40087.65,-1.34,0.19,-7.46,-0.33,-10.83,-18.31,-2.92,-2.97,11.18,12.79,13.35
Nifty Pharma,07/10/2026,33130.49,-0.43,-0.01,-0.9,3.15,21.32,21.58,21.21,13.48,21.39,9.45,13.23
Nifty 200,07/10/2026,17705.63,-0.74,-0.1,-4.95,-6.07,2.21,-5.32,8.87,7.96,13.8,12.13,13.09
Nifty India New Age Consumption,07/10/2026,13525.69,-0.59,-0.3,-5.9,-4.3,11.07,-6.93,14.82,11.94,16.88,11.68,13.03
Nifty Core Housing,07/10/2026,17888.71,-0.8,-1.35,-6.15,-8.97,7.35,-9.67,5.49,4.37,12.68,9.29,12.99
Nifty Energy,07/10/2026,64959.8,-0.63,0.14,-3.39,-5.91,3.74,4.63,12.62,10.71,15.36,15.95,12.98
Nifty Rural,07/10/2026,18702.39,-0.81,-0.89,-6.03,-8.82,-0.74,-8.38,8.16,9.63,14.37,10.28,12.82
Nifty Services Sector,07/10/2026,42857.6,-0.62,0.16,-4.48,-6.96,-1.29,-9.99,6.14,4.5,10.52,11.51,12.67
NIFTY50 Equal Weight,07/10/2026,53126.86,-1,-0.75,-5.26,-6.92,0.86,-3.53,10.44,10.24,16.66,12.37,12.64
Nifty 100,07/10/2026,32882.1,-0.77,-0.16,-4.84,-6.47,0.62,-7.08,7.73,6.77,12.47,11.5,12.6
Nifty Smallcap 50,07/10/2026,12214.03,0.28,1,-2.95,2.38,26.5,14.07,18.81,13.18,22,11.74,12.57
Nifty Oil & Gas,07/10/2026,16355.69,-0.51,0.1,-4.44,-5.36,-0.76,-7.07,11.86,7.14,13.17,13.16,12.56
Nifty Growth Sectors 15,07/10/2026,13405.85,-1.56,-1.9,-7.82,-6.05,-3.54,-11.22,3.05,6.95,9.84,8.1,12.47
Nifty Housing,07/10/2026,14687.79,-1.04,-1.2,-4.95,-7.95,2.6,-3.7,8.74,8.37,15.13,12.4,12.31
Nifty Metal,07/10/2026,18795.01,-2.33,-3.52,-6.34,-1.98,5.41,22.49,23.16,18.27,29.02,18.73,12.28
Nifty FMCG,07/10/2026,74339.24,-0.89,0.66,-1.74,-10.54,-4.05,-17.43,-3.03,3.89,7.54,9.24,12.22
Nifty 50,07/10/2026,34345.16,-0.76,-0.08,-4.95,-7.1,-1.45,-9,6,6.15,11.94,11.35,12.09
Nifty CPSE,07/10/2026,10492.7,-1.16,-2.2,-5.07,-8.23,-12.91,-4.81,19.6,23.54,21.57,13.81,11.77
Nifty Commodities,07/10/2026,13576.35,-1.43,-2.16,-6.11,-7.74,-2.12,1.14,13.76,10.68,17.82,13.06,11.44
Nifty India Tourism,07/10/2026,8715.6,-0.58,-0.71,-1.6,-7.27,11.54,-13.79,6.52,7.48,14.08,13.41,11.2
Nifty PSE,07/10/2026,16735.2,-1.22,-1.34,-4.57,-6.58,-5.36,-5.18,18.49,19.87,19.66,13.24,10.99
Nifty Infrastructure,07/10/2026,11529.52,-0.78,-0.06,-5.01,-7.37,0.84,-3.81,12.82,12.48,17.29,13.34,9.94
Nifty Realty,07/10/2026,916.89,-1.77,-2.92,-7.81,-7.44,18.28,-7.32,12.25,9.46,19.29,15.02,9.3
Nifty High Beta 50,07/10/2026,5393.83,-0.61,-0.46,-6.08,-4.49,17.86,10.23,13.51,14.86,20.94,10.51,8.2
Nifty PSU Bank,07/10/2026,11104.35,1,0.91,-3.99,-2.52,-1.46,7.46,16.52,27.68,21.77,10.35,7.82
Nifty Media,07/10/2026,1937.58,0.69,-0.3,3.8,6.29,20.55,0.24,-11.11,-6.19,-0.61,-5.93,2.94
Nifty India Railways PSU,07/10/2026,2818.06,-1.19,-2.45,-7.28,-11.02,-11.6,-27.37,1.67,13.93,,,
NIFTY SME EMERGE,07/10/2026,15626.41,0.29,0.17,2.99,8.38,22.43,-0.37,17.39,35.08,41.65,,
Nifty IPO,07/10/2026,2631.68,1.17,2.81,2.6,8.73,34.7,15.28,13.57,5.72,12.78,,
Nifty Capital Markets,07/10/2026,5817.58,0.49,3.91,-3.1,-2.02,17.12,22.9,46.19,26.85,32.85,,
Nifty REITs & InvITs,07/10/2026,2338.71,0.14,-0.81,-1.56,0.76,7.39,8.57,17.72,12.38,11.55,,
Nifty India Defence,07/10/2026,10213.94,-1.41,-0.66,-5.5,-2.69,18.35,14.31,41.41,50,45.01,,
NIFTY100 Alpha 30,07/10/2026,21979.39,-1.12,-0.45,-4.46,-5.75,4.25,-6.88,12.1,7.37,14.51,13.98,
Nifty EV & New Age Automotive,07/10/2026,3225.35,-0.92,-2.38,-7.09,-4.71,10.05,-3.74,12.44,16.55,23.74,,