IE00B53SZB19,03-Oct-2026,0.30,0.30
INF109K011O5,03-Oct-2026,2.0400,1.2800
INF109K013N3,03-Oct-2026,1.0500,0.4500
INF109K014O9,03-Oct-2026,1.7600,1.0200
INF109K016E5,03-Oct-2026,1.3200,0.6300
INF109K016L0,03-Oct-2026,1.5000,1.0100
INF109K01Y07,03-Oct-2026,1.6100,1.0700
INF109KC17V7,03-Oct-2026,0.6000,0.0000
INF109KC1R89,03-Oct-2026,0.5500,0.1100
INF109KC1U50,03-Oct-2026,1.0600,0.6300
INF174K01LS2,03-Oct-2026,1.4895,0.6595
INF174KA1FQ7,03-Oct-2026,0.7220,0.3420
INF179K01UT0,03-Oct-2026,1.3700,0.7700
INF179K01WM1,03-Oct-2026,0.4400,0.2900
INF179K01XZ1,03-Oct-2026,1.7000,1.1100
INF200K01RP8,03-Oct-2026,0.4200,0.2500
INF204KB14I2,03-Oct-2026,0.0000,0.0400
INF204KB17I5,03-Oct-2026,0.0000,0.8100
INF277KA1976,03-Oct-2026,0.0000,0.3900
INF754K01PF9,03-Oct-2026,0.4600,0.1800
INF754K01QX0,03-Oct-2026,0.0000,0.0200
INF843K01AL0,03-Oct-2026,2.0400,0.6800
INF846K01EW2,03-Oct-2026,1.7700,1.0600
INF879O01027,03-Oct-2026,1.3000,0.6900
INF879O01266,03-Oct-2026,0.7600,0.4100
